Job Title,Company,Location,Job Summary

Software Engineer Intern (Year Round),Direct Supply,"Milwaukee, WI",As a member of a software development team you�ll work with production code and learn from experienced software engineers and analysts.

Software Developer Intern (summer internship),SKYGEN USA,"Mequon, WI","Work with other engineers to develop, modify and maintain software applications.
Basic software development design and development skills."

Software Development Intern,Brady Corporation,"Milwaukee, WI 53209 (Thurston Woods area)","We are a group of agile, data-driven and innovative architects, engineers, and designers who are reinventing the way that Brady interacts with customers."

Intern,Blue Yonder,"Waukesha, WI",Completion of basic software development coursework including a minimum of 1 software language course; JavaScript and Java experience highly desired.

Software Engineering Intern,Dematic,"Wauwatosa, WI 53222 (Golden Valley area)","Familiarity with Agile Scrum software development.
Translate requirements into specific software development tasks."

"Intern, Software Developer",Rockwell Automation,"Milwaukee, WI 53204 (Walker's Point area)",As a Software Development intern you will work alongside full time employees and industry professionals improving existing products in an agile environment.

Cybersecurity Intern,Dematic,"Wauwatosa, WI 53222 (Golden Valley area)","Familiarity with Agile Scrum software development.
You will participate in all aspects of the SSDLC lifecycle and have the opportunity to research and enhance�"

Software Engineering Internship - HealthIO,Milliman,"Brookfield, WI 53005","You will be working with our engineers and product development team to develop, test, and document new software products for the healthcare industry."

Cloud Engineer - Internship,Northwestern Mutual,"Milwaukee, WI","Interns may be involved in providing day-to-day support as needed including problem resolution, metrics reporting,.
Basic experience with Linux administration."

Software Developer Internship - Summer,Quad,"Sussex, WI",Operations - As part of this team you�ll be working on software solutions and maintenance of software related to the following areas of our commercial print�

Healthcare Analytics Internship (Chicago-Milwaukee Health),Milliman,"Brookfield, WI 53005","Assist with programming on several ongoing software development projects.
We advise clients on a wide range of issues�from assessing the impact of healthcare�"

.Net Web Developer Intern,Generac Power Systems,"Waukesha, WI 53189","As a .net Web Developer Intern, you will assist with the development and programming of Generac�s public websites.
NET-based content management system."

Engineering Technician Intern,Avidity Science LLC,"Waterford, WI 53185","Execute manual test cases to ensure proper operation of the software.
Utilize software control/source management and defect management tools."

"Intern, Technologist Engineer, Summer FIS University Program 2021",FIS Global,"Milwaukee, WI 53224 (Calumet Farms area)",Provide application software development services and technical support across a suite of financial software products.

